Order_ID,Customer_Name,Book_Title,Author,Genre,Price,Order_Date
3cdbd173-0482-4635-8262-2d2940eb6c09,Edward Oneill,Inverse transitional focus group,Amy Lee,Science Fiction,33.37,2023-06-25
bd491bc2-ff6c-4eec-99fd-6a8ddf411d24,Luke Elliott,Visionary object-oriented hardware,Kevin Lopez,Romance,48.88,2023-06-23
d2b12657-c690-49b8-82ea-e82e005149a0,Jasmine Cruz,Future-proofed modular task-force,Robert Holt,Fiction,33.39,2023-05-13
f2600a96-3c4a-4566-8c9c-e982dff07853,Chelsea Walker,Ergonomic exuding strategy,John Estrada,Fiction,17.14,2023-02-13
5f33c8a8-5f29-450c-8cf6-f2258343067e,Austin Morales,Multi-tiered real-time service-desk,Tina Mitchell,Fiction,38.86,2023-01-22
1ffdafb4-86d0-4777-bd69-da0f572b87e8,Jerry Blanchard,Synchronized human-resource service-desk,Shane Bennett MD,Science Fiction,41.73,2022-10-31
42761c98-2033-4014-8ae3-c7181295f7ba,Jacob Martin,Optimized composite database,Lance Anderson,Science Fiction,13.8,2022-12-27
48260f4f-720a-4151-9ac5-5b84fbbc08c0,Kevin Lee,Fully-configurable motivating Local Area Network,Edwin Russo,Romance,47.84,2023-04-14
73dd5f67-660a-4bef-83e7-e35006038d74,Christopher Murphy,Cloned composite forecast,Jeffrey Simpson,Fantasy,39.7,2022-11-29
9cd02062-85ef-42ab-aeae-eec9ba5526ad,Carolyn Clark,Customer-focused tertiary moratorium,John Schultz,Mystery,17.52,2023-07-26
8185d2be-9c4f-435f-b3dd-d4e2eebe14ba,Jennifer Smith,De-engineered stable instruction set,Nicholas Martin,Science Fiction,26.28,2022-12-26
3c767863-70ed-4a30-aec7-6be1f73c4c7d,Amber Hill,Front-line web-enabled open system,Jonathan Reeves,Mystery,29.6,2023-08-16
35e23e37-11d9-4ef5-bc20-a1bbbea3b408,Erin Clark,Synchronized hybrid help-desk,Lori Smith,Romance,47.18,2023-03-06
cd197ecf-33ab-4a17-aed5-fa34ff3a0a4c,Elizabeth Stanton,Universal stable Graphical User Interface,Michael Benson MD,Fantasy,40.49,2023-05-07
7c7d2685-5d33-47f2-bcd7-50d8adc5100b,Jackie Tucker,Object-based web-enabled website,Lauren Johnson,Fantasy,10.09,2023-04-02
f8304ffc-f6a6-4701-af83-307734a21860,Rebecca Walker,Customer-focused multimedia structure,Joseph Whitney,Romance,10.61,2022-12-02
f2fcc4fd-0af7-413c-8f6a-4a445e9bc223,Michael Flowers,Persevering dynamic pricing structure,Stephen Moyer,Science Fiction,14.17,2023-06-27
21c67e88-62f7-443a-bb45-50dbd7ace4d9,Austin Hudson DDS,Organized intermediate knowledge user,April Wagner,Mystery,10.88,2022-12-22
022a00b5-c47b-4de0-a706-9870cd14cfb4,John Blackburn,Seamless scalable circuit,Roberto Bennett,Fantasy,33.39,2022-12-16
a263c58f-6bfb-4005-ae0d-2761d3bfaf16,Brianna Lowe,Public-key actuating frame,John Ali,Science Fiction,38.98,2022-10-22
099927ef-f24b-45c0-9e8b-20f41c399905,Diana Petty,Focused human-resource contingency,Mary Carey,Science Fiction,14.51,2022-09-28
a399ed49-dd9c-4eda-bb12-87e17bcffa35,James Baird,Balanced coherent application,Ashley Johnson,Fantasy,26.81,2023-07-01
d0f676d7-0636-43b4-bc94-f65204fe7fab,Javier Pollard,Multi-lateral full-range implementation,Nicholas Young,Fiction,43.98,2022-12-18
abe76e04-97d6-4376-b77d-b21f7dee51ce,Joshua Huff,Operative transitional workforce,Nancy Reyes,Fantasy,25.14,2022-11-02
6d7c2af8-ae03-4602-bb9c-56a3864e79de,Mason Brown,Digitized multimedia pricing structure,Logan Oliver DDS,Romance,25.58,2023-09-16
8df7bb3a-87ba-48c1-ae71-71ef0534c553,Amy Hernandez,Profit-focused systemic middleware,Karen Lopez,Science Fiction,47.19,2022-12-11
7692e53f-c5f7-4689-9df5-f3ce97b9c38d,Jamie Russell,Persistent contextually-based hierarchy,Christian Riley,Science Fiction,14.98,2022-09-27
a491830f-e779-4008-b4a3-a4c543b7e2a3,Shawn Stevens,Exclusive leadingedge paradigm,Linda Beltran,Fantasy,30.03,2023-02-16
d35dde2e-e898-4c42-af85-c189329beafb,Angelica Johnson,Exclusive non-volatile strategy,Melissa Jefferson,Romance,48.05,2023-03-17
18b83b44-3324-4d60-a227-dcd59dc7fb9e,Tina Craig,Devolved impactful knowledgebase,Michele Delacruz,Mystery,42.03,2023-05-18
648f35fc-ed27-431b-b94e-f76425677759,Monica Morris,Advanced regional service-desk,Mr. Brian Green,Mystery,39.18,2023-01-04
f3a9be4d-1e20-4a83-a072-1b32314c480c,Nathan Reid,Sharable well-modulated strategy,Seth Cook,Mystery,16.23,2022-11-02
4b29a486-e21f-4b69-a94c-ab1993e7aff0,Rachel Gardner,Proactive reciprocal neural-net,Gary Lee,Mystery,46.87,2022-10-15
45eb6931-98cd-40bd-ba23-e31adffe678b,Christopher Lynn,Adaptive grid-enabled software,Monica Williams,Fiction,23.86,2023-05-12
1cd2109e-a896-4603-a02e-0f1dfe563256,Christine Lawrence,Horizontal logistical benchmark,Daniel Rose,Fantasy,49.53,2023-07-15
80e6a3bc-e9af-4ca7-99c3-2ab2c3deef88,Samuel Parker,Object-based national capability,Thomas Patel,Fantasy,36.67,2022-12-05
fe77e4ec-92a3-4f2c-9b71-5ae838e697d1,Christopher King,Stand-alone asynchronous capacity,Christopher Brown,Fantasy,45.89,2022-12-14
c796c37b-6181-487a-ba1f-0c68584013f9,Christine Perry,Integrated tertiary service-desk,Melissa Walton,Science Fiction,34.67,2023-06-16
5e75bca9-2b67-4bc9-a1dd-4a935e379761,Wanda Greene,Realigned optimizing function,Victor Gilbert,Fantasy,14.66,2023-06-04
36b13cac-3606-467c-a278-6ba0880f0ba7,Marcus Espinoza,Profit-focused upward-trending Internet solution,Daniel Huffman,Science Fiction,45.79,2022-10-13
4b2cb284-415a-44b2-9cd9-e327cd55803e,Ricardo Phillips,User-friendly local throughput,Janet Chung,Fiction,49.9,2022-11-17
54a3a230-b353-4246-b475-eba83669ae0e,David Harrell,Virtual regional array,William Dudley,Fantasy,29.19,2023-06-24
19e5bb2d-0040-4495-89fc-13f55e0766f2,Anthony Escobar DDS,Triple-buffered asymmetric migration,James Brown,Romance,34.12,2023-04-01
622eecc6-9711-48c8-abe6-dc21bb0ec6f0,Erika Russell,Inverse directional circuit,Becky Barnes,Mystery,29.19,2023-02-25
682aba25-723c-44b0-8961-7c8a1d0520fa,Cindy Marshall,Open-source bifurcated matrices,Jeffery Hoffman,Mystery,43.53,2023-07-27
144fa713-dee5-434d-824c-c222e45b61b1,Richard Wilson,Automated zero administration model,Justin Foster,Romance,23.19,2023-04-03
c3082e2e-fa1a-4616-a5c4-15b9fc8a5eff,Margaret Collins,De-engineered dedicated time-frame,Elizabeth Cole,Fantasy,12.24,2023-06-27
3ceaffed-71a6-4ed7-899f-6c13b69d3e5d,Dana Costa,Organic human-resource model,Steven Smith,Romance,34.31,2023-08-10
db0b97ae-772c-4378-89df-d52a03581a7b,Mary Raymond,Customer-focused composite capacity,Destiny Ramos,Science Fiction,31.57,2022-10-11
7d72dc57-d203-4b5c-b915-42013fe7bd89,Amber Willis,Seamless multi-tasking core,Sonia Daniels,Science Fiction,31.96,2022-11-14
9e45a7fd-e246-4aa2-be2e-5ad6e74a019d,Amy Sanchez,Persistent hybrid utilization,Jamie Cameron,Fiction,34.21,2023-02-13
a34ab59e-830c-4b02-94c0-ae235303b751,Kaylee Taylor,Digitized coherent protocol,Christopher Schultz,Fantasy,40.86,2023-01-21
94adfca2-52a4-4f71-ad62-c2b009021215,Sherry Griffin,Compatible next generation firmware,Robert Parsons,Romance,13.28,2023-07-28
9899d2ef-1748-4e74-8e84-b6d62eb37bee,Robert Ramirez,Fully-configurable context-sensitive adapter,Meghan Russell,Science Fiction,20.16,2022-10-14
d7c17f5b-ef59-4a22-bce2-56e824489e38,Christine Nguyen,Re-engineered optimal structure,Cameron Perez,Mystery,37.57,2023-08-24
54d903e5-801d-4bbc-9aa5-880ba636d7c8,Natasha Nixon,Extended national parallelism,Jose Baldwin,Fiction,34.17,2023-06-27
d10d4da9-5419-442d-a803-3ca4ee339863,Danielle Mcguire,Digitized client-server instruction set,Jessica Martin,Romance,21.56,2023-04-26
d5a88bac-aa96-4d21-b992-7f687c06f029,Lisa Lopez,Cloned incremental approach,Bradley Gray,Fantasy,11.11,2022-11-29
513f8954-3f82-407d-ae73-6dbf505413e4,Kevin Harris,Team-oriented content-based Graphical User Interface,Michael Franco,Mystery,11.34,2023-02-15
c0c5bd25-cdf3-4959-ae93-d05e125e8a94,James Ferguson,Multi-channeled bottom-line open architecture,Stephen Mcdaniel,Romance,15.69,2023-04-03
f7b06c02-2995-458c-a424-8122e70cb794,Stephanie Skinner,Vision-oriented 3rdgeneration neural-net,Noah Cox,Fiction,15.73,2023-08-12
97a56668-bfe3-428d-b5cc-78edf78992fa,Natasha Clark,Synergistic neutral Internet solution,Patricia Washington,Science Fiction,23.13,2023-01-23
a49f495f-3ae8-4b34-b622-fd40705c72a9,Brian Stewart,Robust bi-directional artificial intelligence,Bruce Martinez,Mystery,14.96,2023-06-21
de0acb2f-8d30-4ff4-aa77-92506b440ccc,Brian Holmes,Versatile coherent extranet,Paul Reed,Mystery,23.7,2023-02-17
c289bca7-77f9-4f5d-9b16-9510f55ea766,Stephen Harvey,Sharable reciprocal system engine,Valerie Mercer,Romance,14.91,2022-10-03
83d7743a-319e-4e22-991f-6694d8bde8fd,Ian Williams,User-friendly interactive Local Area Network,Donna Blake,Fantasy,32.15,2023-07-02
10912303-0da2-476d-be25-def5caff0df4,Philip Arnold,Re-engineered bandwidth-monitored encryption,Mr. Christopher Edwards,Fiction,34.72,2023-05-19
b26f2ceb-d8c8-41a9-8230-a359ee065f88,Dalton Booth,Re-contextualized didactic model,Michael Phillips,Fantasy,16.23,2023-08-05
9074d2db-601b-4a7b-b0f2-28b387a21cd5,Zachary Baker,Visionary fresh-thinking throughput,Daniel Roy,Mystery,24.66,2022-09-27
a937d1b6-2cb7-4708-a2c8-c015db02b49f,Bruce Ford,Total multi-tasking hub,Daniel Palmer,Mystery,30.9,2023-01-23
fecf0736-f338-4a9c-b7f3-e27e225366d0,Amanda Smith,Organized actuating instruction set,Christopher Murphy,Science Fiction,10.53,2023-01-12
d667ea8a-0b7d-4caa-a674-25e8418abf85,Jeanette Smith,Face-to-face encompassing process improvement,Nicholas Clark,Fiction,30.83,2022-12-18
d5782834-22b6-4964-bfe2-33b8bc152dd9,Richard Lucero,Fully-configurable user-facing knowledge user,Jeremy Cook,Fantasy,19.18,2023-04-05
8ef2f41a-b6e9-4d53-9cbb-fad0e3d533b9,Anthony Smith,Cross-platform object-oriented functionalities,Arthur Lopez,Romance,17.66,2023-09-01
c7e6d628-4be7-487e-9294-d1410b2ab0ae,Samantha Scott,Balanced national open system,Scott Taylor,Mystery,44.95,2023-09-05
6e5ec301-1c0b-490c-982e-489a0f593170,Stephen Bennett,Customer-focused non-volatile neural-net,Tara Stevens,Fantasy,39.64,2023-08-09
57e236af-c4a9-46bf-b81d-b29b971de4b5,Kimberly Moore,Sharable high-level structure,Carrie Obrien,Romance,38.12,2023-04-21
8646aafc-d71c-402e-9451-b880514260cb,Carrie Edwards,Universal bandwidth-monitored framework,Cheryl Valenzuela,Science Fiction,29.6,2023-01-21
02cf7ef2-4c2a-47c7-9471-ea9b8c5a8455,Kelly Barnett,Centralized hybrid matrices,Paul Lin,Science Fiction,49.88,2023-05-19
da9de26a-ba2b-4741-9170-c476bb6bb143,Ryan Tapia,Decentralized background matrix,William Montes,Mystery,31.57,2022-10-08
42500d11-582d-47e0-bb0d-b9a64ff511bf,Clifford Savage,Face-to-face solution-oriented model,Brenda Roberts,Science Fiction,12.88,2023-02-04
a0fd54be-61f0-4dbf-a366-7124a0903018,Amy Anderson,Advanced fresh-thinking info-mediaries,Christopher Butler,Fiction,17.35,2023-04-05
ba30b043-8260-436e-808d-e19c20da22c1,Calvin Price,Automated tangible support,Leslie Strickland,Mystery,41.57,2022-12-02
678cb372-83b0-4a79-a842-ab82015cbda3,Jessica Johnson,Future-proofed leadingedge complexity,Dorothy Smith,Mystery,20.68,2022-12-19
e9cdec40-f914-4531-bae0-3485f05b5f32,Daniel Turner,Balanced bottom-line installation,Jessica Miller,Fiction,16.7,2023-01-16
770108b1-cc2f-4695-b94d-f3eb38c1c154,Kelly Murphy,Monitored next generation help-desk,Dana Spence,Mystery,15.46,2022-10-18
95e1bf8b-1658-4655-ba12-ca51055b7af1,Debra Williams,Advanced tangible Graphical User Interface,Larry Payne II,Fiction,18.76,2023-04-29
c157a039-46ed-4f28-a482-de42eaf5f55b,Jeremy Clark,Open-architected uniform core,Joseph Reynolds,Mystery,47.49,2023-02-06
1ad34893-d6d3-48d5-99ca-c7b1359ca598,Tammie Jarvis,Realigned client-driven time-frame,Carolyn Thomas,Fantasy,33.39,2023-07-18
923e1a86-649a-49d4-ba76-aa02b4dd93d2,Kristin Morris,Enhanced fresh-thinking Graphical User Interface,Jeremy Moses,Fiction,45.04,2022-11-18
530f05be-54fa-4991-9dca-ccfb802c3ec0,Jeffrey House,Mandatory multi-tasking orchestration,Brandon Ford,Fantasy,23.75,2022-10-22
d44786d8-417b-4e30-a6ba-b505c9fc8dcd,Ashley Townsend,Managed logistical hardware,Donald Jarvis,Romance,30.93,2023-07-23
c0039318-37f9-4c90-9bf3-5c7d844d7f24,Jessica Ryan,Up-sized intangible frame,Nicholas Baldwin,Science Fiction,20.53,2023-04-01
795f0400-511e-456c-bd2f-caf677473f0f,Kelly Medina,Extended needs-based open architecture,Rebecca Li,Mystery,24.08,2022-12-13
3977824a-363d-4fad-b5e0-bf36ee88df83,Rebecca Russell,Synergistic even-keeled definition,Travis Cooke,Science Fiction,24.65,2023-05-25
23dc2634-a54a-404e-aa01-a46fed429702,Robert Callahan,Virtual motivating portal,Johnny Smith,Fiction,23.92,2022-12-15
ba50a507-98d0-4443-a917-58dd9743457d,Suzanne Johnson,Multi-channeled bandwidth-monitored orchestration,Daniel Kerr,Mystery,19.29,2023-02-21
aa739723-d697-4dce-9f38-1f2114a1e013,Johnny Park,Quality-focused fresh-thinking interface,Debra Smith,Science Fiction,49.51,2023-08-25
9d18987f-1761-4250-bfc8-9b823d7880eb,Gina Johnson,Cross-group multimedia monitoring,Peter Warner,Fiction,33.19,2022-09-20
256ecb8b-7035-46d2-be7e-268ebcb765b9,Cynthia Charles,Polarized radical database,Erin Wilson,Fantasy,17.68,2022-11-24
bbfb4ac7-ece2-4007-9260-205965c6661d,Peter Mays,Implemented client-server framework,Michael Golden,Romance,36.86,2022-10-06
3c260790-bd98-42e7-be0e-3080f2c6137f,Kathleen Morales,Automated responsive solution,Jessica Graham,Fantasy,49.32,2023-04-13
89d631be-838a-41be-9776-ffa6c63181b7,Daniel Reilly,Operative web-enabled alliance,Wendy Proctor,Fantasy,47.22,2023-03-09
e45f02b6-5a03-4098-bb96-4730d9b7c0f8,Sarah Hernandez,Intuitive incremental emulation,Diamond Craig,Mystery,29.75,2023-09-10
f06698c7-9a37-41b9-87c2-ecfb928f6ff5,Rodney Ramirez,Pre-emptive real-time alliance,Dana Morgan,Romance,13.16,2023-07-21
d5607de8-a919-4c4f-9d02-9366f1f96176,Logan Johnson,Business-focused analyzing service-desk,Sarah Cooper,Fiction,18.88,2023-07-10
447c0d06-0f29-41ff-b168-adf4519de8c7,David White,Expanded optimizing support,Donna Cook,Romance,40.57,2023-03-29
5ac404a4-018f-4a4f-8f7a-06c874b22eef,Natasha Higgins,Re-contextualized non-volatile collaboration,Abigail Rowe,Fantasy,19.53,2023-04-25
6056a257-fd07-4721-b5bd-45bf2a40b708,Tracie Luna,Organized secondary portal,Joseph Spears,Mystery,48.67,2022-09-21
44441b66-df11-49d6-b713-bfcecf0c4be5,Alicia Jones,Secured empowering workforce,Timothy Ramirez,Fiction,15.26,2023-01-27
7069a3af-1618-4423-a605-8d50150553d1,Lisa Franco,Open-source human-resource capability,Ronnie Thomas,Fantasy,15.42,2022-12-30
c58a67df-0176-4cf4-9753-36dee17beee8,April Castro,Open-source eco-centric superstructure,Michael Chavez,Mystery,35.37,2023-02-03
ec333ac3-752e-4863-afce-7ed8a78dbe7f,Jessica Maynard,Profound actuating leverage,Linda Griffin,Fantasy,18.61,2023-03-17
a81e6afd-59c5-4190-87ec-44bed8d79ac9,Shaun Richards,Realigned mission-critical superstructure,Michael Mclaughlin,Fantasy,11.76,2023-07-17
cbc3df87-62fb-4949-9535-7a380a5f0d1d,Philip Ramirez,Innovative incremental focus group,Mrs. Theresa Gomez,Fantasy,37.3,2023-09-07
41d97895-5ea0-43c8-b1e9-35de59def0e4,Valerie Preston,Open-architected discrete hierarchy,Jim Lane,Fantasy,17.49,2022-11-11
a6b07770-3cdb-4382-aed6-7112a682fce6,Sarah Haynes,Mandatory mobile service-desk,Holly Smith,Science Fiction,43.67,2022-09-29
450fd793-b6d1-4825-bff6-041ce5109b84,Charles Smith,Synchronized full-range leverage,Joseph Morris,Fiction,40.52,2022-10-13
339aac61-6a40-4ece-9579-7e2b68c17ac2,Nina Moore,Future-proofed tertiary circuit,Brandon Phillips,Mystery,10.79,2022-11-13
77081a88-6c8f-416c-a278-4aacf99909b0,Ryan Gardner,Implemented responsive Internet solution,Mario Cruz,Mystery,12.39,2023-06-26
bc71ec8e-a401-4fd9-93ad-2f8746742f31,Martin Williams,Universal non-volatile support,Jason Craig,Science Fiction,21.58,2023-05-03
228905f4-0ddc-40af-943c-f1c2bea9da4c,David Barnes,Down-sized interactive customer loyalty,Alicia Patton,Science Fiction,30.95,2022-11-15
9c3aa5d9-f711-40b9-8816-43fdfc34da9c,George Reyes,Secured responsive groupware,Andrew Rodriguez,Science Fiction,20.56,2023-04-19
7a2f954c-53ef-4415-8d49-6dec6c0b4885,Danielle Robinson,De-engineered bottom-line Graphic Interface,Linda Robles,Science Fiction,36.83,2022-12-24
5ed30a62-0554-4ecc-94ea-3301ee0b93f0,Linda Mccoy,Monitored scalable matrix,Jacqueline Ward,Fiction,23.8,2023-08-28
f7bcb3d9-1033-4ab6-b99b-ae902af05b99,Kathryn Fowler,Distributed coherent hardware,Martin Norris,Fiction,37.19,2023-05-24
d714156b-0e44-47d4-b17b-4c001be5c125,Charles Torres,Function-based hybrid framework,Karen Davis,Fantasy,33.47,2023-07-19
9cb6360a-56be-488c-8a3f-01c19a016dd4,George Hall,Reverse-engineered full-range installation,Keith Walls,Science Fiction,21.99,2023-01-25
50a8d850-2f5e-4ccd-84b8-f0a3dbdbc47f,Miss Sara Walker,Seamless static middleware,Jeffrey Chambers,Mystery,40.97,2023-08-14
b35ac444-f946-49f0-8f96-8a66f9cd04f0,William Wright,Profit-focused responsive paradigm,Samantha Brown,Science Fiction,14.29,2022-10-23
74e6190f-46ff-4ca7-996a-09453ace1e5c,Brittany Martin,Persevering explicit array,Ashley Roberts,Science Fiction,38.99,2023-03-27
c396ecdf-a6b9-4aa9-b4a7-1ed8aa8441de,David Ayers,Polarized zero-defect encryption,Megan Hill,Science Fiction,37.73,2022-11-29
91b72899-598d-4f1e-9260-42170d47a01c,Michael Edwards,Exclusive coherent circuit,Michael Miller,Fiction,39.57,2023-04-13
17810d09-f019-496f-8a9e-be122b174de4,Elizabeth Martinez,Triple-buffered exuding service-desk,Jennifer Townsend,Fantasy,33.43,2023-09-13
bc7087dd-09c1-4469-9e33-fc3fff84e767,Jesus Gregory,Visionary holistic adapter,Laura Wallace,Science Fiction,17.45,2023-05-26
bf4dc22a-4969-408c-b1d3-9571e5c0640c,Michael Zimmerman,Customer-focused clear-thinking workforce,Janice Rowe,Fantasy,32.66,2023-01-04
f96c9cc2-b0bc-495d-b34d-e97ddb88279e,Alejandro Mendez,Multi-layered exuding installation,Travis Gaines,Romance,21.44,2023-01-15
578725f5-83ae-4e16-9c04-e0cac8bb35ad,Mark Foster,Triple-buffered secondary structure,Dr. Nicholas Morrow,Fantasy,11.31,2023-02-02
541f64b8-9ea8-48f2-b34c-616c38ec544e,Bonnie Young,Grass-roots optimizing function,Thomas Reyes,Science Fiction,40.57,2022-10-17
beff9111-7327-4f19-9ba4-24c0f895fa46,Craig Lewis,Upgradable value-added definition,William Shields,Fantasy,27.78,2022-09-29
6d05a16e-9821-4baa-97ad-94098e854bd3,Brandon Todd,Open-architected methodical Local Area Network,Margaret Knight,Mystery,41.41,2023-06-26
34796252-a759-43a5-8869-8e94b6db107b,Kelly Willis,Reverse-engineered intermediate moderator,Jacob Barr,Romance,12.26,2023-01-03
d8a811a8-bff7-432f-8ff1-bc076fa3c085,Scott Baxter,Fully-configurable optimal service-desk,Lance Crawford,Fantasy,37.67,2022-10-07
2cf55968-fb2c-4e1b-9223-a39c503de18d,Cynthia Franklin,Right-sized exuding infrastructure,Erin Salas,Science Fiction,14.57,2023-03-16
cdc8b8e9-bd67-4497-818d-42a881591a45,Gwendolyn Greer,Customer-focused heuristic algorithm,John Smith,Mystery,33.88,2023-08-31
3d1d575d-9e95-47fb-b4fd-e59bd5f67603,Melissa Hopkins,Cross-platform motivating Local Area Network,Jonathan Hall,Fiction,12.77,2023-03-30
62489643-2f6c-47c4-b32c-c41629400281,Charles Thornton,Fully-configurable object-oriented service-desk,Mr. Cristian Mcclure,Fantasy,47.78,2022-11-08
fa7e138d-e703-4484-bcbf-0eab8668b0a7,Kelsey Mcgee,Profound maximized access,Colleen Peterson MD,Fiction,17.73,2023-03-02
44451f6c-976c-4d48-9a03-989318e85b03,Monica King,Re-engineered explicit superstructure,Robert Wright,Fiction,21.51,2023-03-04
24c20581-d8f3-4301-be32-ffa464daec64,David Chavez,Progressive directional capability,Matthew Burns,Fiction,10.85,2023-03-30
defa871d-d6d6-4adf-a1dc-09894464a309,Erin Johnson,Enterprise-wide bandwidth-monitored contingency,Jennifer Turner,Mystery,24.17,2022-10-12
96a14406-9e60-40dd-9442-08f3959a0497,Lauren Powell,Sharable didactic instruction set,Brenda Cook,Fiction,17.44,2023-09-16
d89e2d53-5bb8-492e-bfb3-175819a23b04,Sherry Jackson,Multi-layered tertiary encoding,Lauren Schaefer,Science Fiction,22.99,2023-05-04
714e3c6c-f4e1-457e-b83a-53fff49d46f8,Tyler Fowler,Sharable intangible open architecture,Victoria Suarez,Science Fiction,15.64,2023-07-16
24db5b48-e647-4c06-a01f-41b639908a57,Chelsea Booth,Intuitive intermediate capacity,Adam Hawkins,Science Fiction,49.39,2023-09-17
4546bfc8-2414-4f65-8e10-c9c27ee9fba5,Ann Campbell,Devolved attitude-oriented customer loyalty,Lauren Smith,Romance,14.36,2023-01-21
9a64d509-b2ca-4629-96fd-da95ef7edf59,Amanda Gutierrez,Monitored user-facing contingency,Richard Potter,Mystery,20.37,2022-12-02
c810c70d-75b7-475d-bf53-08ca20dafd13,Rebecca Adams,Seamless object-oriented parallelism,Colin Harmon,Romance,13.68,2023-07-14
38c67a78-1ecc-47fc-abdc-4fbc87980b75,Monica Golden,Monitored reciprocal capacity,Eduardo Solis PhD,Mystery,46.37,2022-12-20
b4cc267e-4c89-4adc-b77f-da7d2ce03761,Larry Serrano,Integrated well-modulated archive,Brandon Sparks,Fiction,37.39,2023-08-20
0dc2eea8-fa11-4f9e-9509-52f9b8c95b25,Lindsay Beard,Grass-roots stable structure,Lorraine Smith,Fantasy,19.21,2022-09-26
513fdfbf-8af0-4ebb-bbfa-c697f6cd5323,Charles Hamilton,Centralized bi-directional portal,Kimberly Wade DVM,Fantasy,48.16,2023-07-05
e82a9548-43d6-4fdb-931e-4443a9281acc,Robert Smith,Seamless clear-thinking capability,Patricia Mills,Science Fiction,44.79,2023-01-09
db7dc88f-c138-42b1-aa15-066931271b12,Melissa Park,Integrated foreground conglomeration,Allison Watson,Fantasy,13.56,2023-04-22
4c0dfd56-a6b1-4211-a067-3e69a1dfe898,Dr. Jessica Brown,Re-engineered even-keeled leverage,Elizabeth Peters,Mystery,11.95,2023-01-30
88b30616-1cef-4e64-ab48-2346fada565f,Brooke Rodgers,Inverse regional customer loyalty,Michelle Foster,Fantasy,28.27,2022-12-20
f0f4d083-f030-4388-8d38-628149a78df0,Michelle Munoz,Open-source zero tolerance knowledge user,Melanie Mitchell,Fantasy,37.63,2023-02-07
45d78423-90dc-4cdf-9f8c-fe4d09cb5dcd,Anthony Douglas,Automated needs-based pricing structure,Paul Baxter,Fantasy,40.45,2023-04-25
bc111f7c-7b11-4f32-a646-64857b163db9,Travis Woodward,Stand-alone modular hierarchy,Bridget Pace,Science Fiction,37.23,2023-01-20
ef9e6c52-2b1a-49fb-94fe-e8128fcd2585,Taylor Smith,Distributed tangible firmware,Dawn Williams,Mystery,24.02,2022-11-01
b7eb2bf2-3b1f-4a37-b25f-56b1debf7a31,Joshua Garcia,Re-engineered disintermediate ability,Loretta Lopez,Fiction,14.7,2023-07-27
6756c97d-0c71-42e2-9eee-b8f76afe23c8,Michael Lee,Optional mobile instruction set,Erik Brown,Mystery,46.28,2023-06-22
e3655d89-8726-4aac-9bdc-c31ba1fbce2a,Garrett Vargas,Customer-focused user-facing leverage,Brian Smith,Fantasy,43.55,2023-09-08
9d02f219-9cad-4da3-bd3b-542444cc2cf5,Justin Robinson,Multi-lateral 5thgeneration collaboration,Michael Grant,Fiction,30.06,2022-11-07
ac93c5b2-6ce8-4e9d-b237-82220a17127d,Thomas Allen,Centralized coherent middleware,Matthew Blake,Science Fiction,19.93,2023-02-13
99ae3627-e93e-4551-99e3-ad903742c23b,Brenda White,Pre-emptive responsive capability,Kristin Blackburn,Science Fiction,46.53,2023-04-21
e9f9bbc4-4edb-4985-8fb6-29c5a85370b2,Stephen Mullins,Down-sized 4thgeneration encoding,Kimberly Smith,Science Fiction,34.95,2023-04-19
698a4bc9-afa6-4a02-8c77-cd5f0bdd7259,Destiny May,Automated exuding help-desk,Colin Frazier,Romance,31.18,2023-07-18
25154193-774f-4dcb-9b0b-679b257303ac,Benjamin Steele,Quality-focused reciprocal ability,Mark Diaz,Science Fiction,16.52,2023-09-06
06c6bdb4-884a-44e4-8a2b-9e68b7d52dea,Colleen Herrera,Cross-group 6thgeneration algorithm,Patricia Perez,Science Fiction,37.43,2023-01-29
20995db3-571b-49a2-86fe-7b0a6b1e21a0,Kylie Brown,Phased didactic core,Peter Robbins,Science Fiction,19.82,2022-09-28
2a324704-65a0-4309-82cf-f152144a87bf,Sarah Browning,Vision-oriented 24hour synergy,Karina Hahn,Fiction,41.13,2023-07-12
09d4e949-709b-4ab6-ab3e-e1673a438862,Keith Bentley,Seamless leadingedge hardware,Penny Jones,Fiction,33.22,2023-05-01
b9638518-a268-432b-8253-d60b7094e0f7,Gabrielle Zuniga,Face-to-face asymmetric Internet solution,Walter Torres,Fantasy,46.39,2023-07-15
51085de4-df08-4669-88e2-b0ea93b1fea8,Sarah Schneider,Optional intangible matrix,Robert Saunders,Fiction,47.45,2023-04-11
9af48821-d86c-426e-99b0-f457d4985cda,Lindsay Simmons,Proactive high-level knowledgebase,Deborah Levine,Romance,37.78,2023-06-29
1a4f8e23-9fa4-49ea-8126-5f112f6552b3,Elizabeth Mason PhD,Assimilated intermediate standardization,Nicole Baker,Mystery,14.98,2023-04-03
471cf81b-f592-4bba-8355-5d79e921b51a,Michael Tucker,Advanced dynamic adapter,Candace Zuniga,Romance,23.88,2023-01-21
3faeaceb-e09d-41b5-899e-496ff17c213f,Stephanie Mcneil,Profit-focused transitional data-warehouse,Maria Mcguire,Fiction,25.23,2023-07-02
29a6cae5-6b7c-40ed-8629-852ce3ac4200,Tina Ortiz,Grass-roots mission-critical success,Michael Wagner,Fiction,13.55,2022-11-25
eff3c796-7ea0-4f6b-a13e-a74b15074344,Zachary Gordon,Integrated 6thgeneration extranet,Pamela Martin,Mystery,24.84,2022-11-22
2c74bb79-60ff-4c13-98cf-9660bcf978b6,Victor Frost,Innovative empowering system engine,Danielle Wallace,Romance,13.65,2023-01-06
4a2110ef-a914-4802-acae-fda81e6edd25,Tammy Gomez,Optimized directional middleware,Gail Matthews,Romance,23.07,2023-08-17
d7345568-3f76-4e48-ad17-e137ccd391e6,Tracy Combs,Secured hybrid open architecture,Dr. Deanna Sawyer,Mystery,49.14,2023-01-07
07de3a63-98dc-4640-8d46-2b057cb7a808,Daniel King,Proactive scalable extranet,Alexandra Marshall,Fantasy,28.27,2023-07-10
b77b6f61-7d13-4ad3-a45b-a0136a515188,Gary Mcclain,Re-contextualized didactic concept,Chelsea Snyder,Romance,40.47,2023-04-08
440c5577-ca29-4b63-be45-3060aa472a12,Michael Chase,Focused static support,Tammy Mcmillan,Fiction,11.38,2023-03-13
3b071fd5-2925-4e54-bcef-4e73a98423ac,Ashley Brandt,Total disintermediate challenge,Joshua Cisneros,Science Fiction,47.51,2022-11-27
473c9542-9e44-4118-9f38-0eeeb14d617d,Shawn Chandler,Front-line cohesive conglomeration,Kent Reynolds,Fiction,18.5,2023-08-16
f029aba2-8a98-485b-b2d6-dea3773fb7dc,Thomas Smith,Focused holistic structure,Jordan Mullins,Fantasy,48.5,2023-07-11
1ffcb0a4-fc66-414d-9949-05d2dd6501a2,Nicole Lowery,Expanded grid-enabled hardware,Kevin Davidson,Fantasy,48.85,2023-02-10
5d261db4-5800-4bb9-9182-286672096bda,Steven Ward,Robust multimedia website,Jerry Palmer,Mystery,31.72,2022-10-06
d62af99b-c06c-463f-982d-a4524fdfffed,Ricky Thompson,Cross-platform neutral framework,Timothy Miller,Fiction,37.87,2023-06-20
73d70509-a0a0-4ea6-ab41-d26c7c61f641,Amanda Nelson,Realigned multimedia toolset,Shelby Marshall,Science Fiction,43.2,2023-01-11
4faa2c63-fee1-4fea-a15e-b3f469b91970,Jessica Williams,Horizontal secondary solution,Holly Gregory,Fantasy,14.14,2023-02-26
c12e1e11-de8c-4024-9558-d454947badcb,Sheila Hester,Pre-emptive multi-state utilization,Stephen Morris,Science Fiction,37.68,2023-02-19
6df9fa7a-a0c2-4fa2-a20f-5d0c0040c2d8,Jennifer Valdez,Programmable maximized productivity,Jason Carter,Fiction,33.76,2023-01-12
741e516c-2445-46a6-a796-a8279aad5d2a,Troy Turner,Advanced radical Graphical User Interface,Jacob White,Mystery,15.49,2023-05-10
e94de3a8-dd1a-4567-b9a7-296cce3f8c59,Carolyn Ramirez,Profit-focused bottom-line functionalities,Gregory Banks,Fiction,40.73,2023-07-28
40a4290a-bcc4-4ab7-a26e-b7ca38326036,Alexis Brown,Object-based 3rdgeneration implementation,Meredith Mckay,Mystery,33.21,2023-08-12
2d00d655-e010-48b0-9026-b5f2b86b2144,Angie Jordan,Managed systemic array,Robert Reid,Science Fiction,15.78,2023-03-26
4bf53ffb-4ae4-4848-9544-24883734f1cd,Debbie Miller,Multi-layered didactic intranet,Joshua Ortega,Mystery,29.62,2023-09-16
271c3d2c-0e94-4875-a923-536391ec0bf1,Stephanie Lowe,Visionary impactful project,Sheri Beasley,Romance,15.72,2022-09-24
a5716486-a959-4771-98be-05559397bf4f,Tiffany Miller,Reverse-engineered tangible strategy,Mrs. Kayla Bennett,Mystery,18.9,2022-10-16
bee9036b-9d4c-42ab-9422-f9f3ace3c982,April Perkins,Organized logistical groupware,Danielle Murphy,Romance,44.69,2023-08-19
1e1f1316-7ea9-4b00-9876-e32ad850b925,Chad Jones,Extended disintermediate monitoring,Christian Martinez,Mystery,48.16,2023-05-10
e72c72b6-333c-474d-ba6c-e70599313ea5,Craig Rodriguez,Upgradable didactic secured line,Jose Le,Romance,17.68,2023-04-21
0a5621ec-6ed6-46d7-9db7-ee7d5e81ff15,Christine Price,Persistent dynamic hub,Rebecca Strickland,Fantasy,11.06,2022-11-03
353159ec-9365-4f96-a8b0-61add2ebbafd,Thomas Nguyen,Cloned transitional website,Daniel Silva,Fantasy,47.98,2023-08-20
c2c73ef3-9d86-4e69-94ba-83c2f52b7dfe,David Camacho,Streamlined tangible interface,Tracy Ross,Fantasy,19.25,2023-04-16
f7b31414-0372-4d0c-b639-34af0412ff57,Anthony Delgado,Cloned hybrid installation,Matthew Bennett,Fiction,14.79,2023-04-09
86d3aff5-d346-4105-9d57-2740e2e8f3c6,Steven Reyes,Robust zero administration intranet,Shari Forbes,Fiction,14.39,2023-08-20
56ebdf54-e9e7-4b0e-b94d-0497a5d77c8d,Morgan Riley,Switchable heuristic initiative,Jacqueline Osborn,Mystery,47.17,2023-01-15
0d4edfee-75ee-422a-a6b4-25e4439fd3e1,Alex Santana,Realigned analyzing task-force,Joshua Rodriguez,Fiction,28.83,2023-01-19
59b6b359-c333-405a-9199-360fd12e693e,Casey Faulkner,Proactive reciprocal instruction set,Diana Obrien,Fantasy,44.65,2022-10-01
c08bb537-408f-4ed1-bf50-b7f3e3f821e4,Mr. Keith Murphy DVM,Distributed radical support,Christopher Castro,Fantasy,45.39,2022-12-18
ba079645-2fad-475c-ac8a-2dc59d8a4bc5,Shannon Steele MD,Universal exuding customer loyalty,Barbara Pennington,Science Fiction,44.63,2023-04-02
d06e3745-b54c-4dba-bf3d-e0a293273400,Carol Mata,Team-oriented impactful open architecture,Richard Fritz,Science Fiction,47.36,2023-02-04
b9773040-630e-4baf-8681-f10d677efd50,Aaron Robertson,Compatible well-modulated function,Gloria Roberts,Science Fiction,32.17,2023-08-10
b672c7f1-2338-4663-a054-e66ae2975d04,Patty Garcia,Seamless interactive task-force,Alexander King,Fiction,31.87,2023-06-16
e95fef73-7d8e-491b-9e7e-9d751564893c,Allison Hopkins,Optimized coherent hierarchy,Rebecca Mullins,Romance,36.44,2023-01-28
6f09d266-de49-406a-b9a6-3a1b5465e308,Samuel Hicks,Triple-buffered asymmetric adapter,Mark Joseph,Mystery,30.8,2023-07-11
b7fc2cba-0660-4760-acf8-e4b74c769d06,Kristine Chang,Ergonomic impactful customer loyalty,Michael Bailey,Mystery,43.27,2023-04-16
cdf2221a-97df-41e6-a119-35a3701af45c,William Randall,Universal eco-centric orchestration,Gregory Tucker,Science Fiction,28.12,2023-03-10
fbe685c8-d3e3-4726-b75c-b7620d85ba6a,Michael Carpenter,Implemented 3rdgeneration time-frame,Betty Brown,Romance,36.32,2023-04-30
f2c2ceca-0153-4121-94c4-7eb4cf1ee566,Desiree Cook,Public-key tangible adapter,Paul Perez,Fiction,38.94,2023-04-26
b99d906b-2728-4878-b556-d6f58b326fc9,Laura Jones,Extended incremental workforce,Jamie Gomez,Fantasy,25.35,2023-04-08
bf854c87-802c-4a89-9ebe-7e71d473d2d7,Lisa Guerrero,Horizontal leadingedge definition,Kevin Shields,Fantasy,12.14,2022-12-01
0965762c-125c-4c6d-854e-bf402efebace,Elizabeth Hoffman,Customizable tertiary capability,Alexander Sawyer,Science Fiction,22.43,2023-03-23
8768ed3c-96b8-4868-9de2-ece4d1d19a61,Samantha Baird,Operative fault-tolerant hub,Cheryl Ayala,Mystery,46.78,2023-04-08
7c67bd3d-7d34-46ac-97cc-a7bd3bed8f2e,Emily Chavez,Public-key neutral interface,David Jefferson,Fiction,31.13,2022-12-14
0d95b535-8935-4dbd-b446-8147e0df41b2,Danielle Johnson,Devolved executive installation,Kyle Walters,Mystery,23.25,2023-01-25
66820028-eabc-43c8-948e-480812770030,Adam Hurst,Total optimal paradigm,Penny Caldwell,Romance,25.98,2023-04-13
2cc9d208-4c08-44e1-b02d-d0526f97cefa,Ashley Hobbs,Team-oriented discrete software,Michael Miller,Mystery,45.37,2022-12-18
fb0225a4-ddd1-4ee5-b9b9-68243f2227a7,Marilyn Rivera,Compatible holistic support,Donald Anderson,Fantasy,12.19,2023-04-10
dff7e5ac-f6cc-4708-a139-ad00830da0df,Taylor Williams,Stand-alone 3rdgeneration Local Area Network,Dr. Cindy Sandoval DVM,Science Fiction,46.05,2023-02-04
306eecc5-d5f9-4368-b160-63bc4bff8f96,David Schmidt,Multi-lateral asynchronous application,Sharon Brown,Romance,13.75,2023-07-08
44cdaeb1-c8c7-452d-b567-3afde72a3255,Gregory Smith,Open-source didactic concept,Lauren Pearson,Science Fiction,18.43,2023-08-17
40e22777-be5b-4b8a-ab09-7cce52d8571b,Tina Gray,Open-architected system-worthy capacity,Gabriel Horne,Science Fiction,17.33,2023-06-15
b1983efc-aa6c-421d-a976-f294baef56f2,Ralph Smith,Devolved disintermediate attitude,Lisa Walker,Mystery,32.04,2023-06-15
59850fa9-e8e4-46d7-a7f4-985ffda7c6cc,Sandra Robbins,Expanded 24/7 matrix,Nicholas Watts,Mystery,46.84,2023-07-11
b7dcbb05-441d-405a-9b2f-3688a5534b8c,Cory Morgan,Public-key non-volatile access,Amanda Cameron,Science Fiction,28.68,2023-02-02
e4fc0c74-51a4-4fc1-aba6-54d2b4f5880d,Molly Graham,Extended holistic intranet,Michael Cervantes,Romance,49.47,2023-06-24
44f540d9-e005-4387-8744-6fd0054d9733,Lindsey Nelson,Compatible stable toolset,Ryan Lawson,Fiction,13.38,2023-03-27
e497d82a-b8dd-46ee-969c-21c540131500,James Harris,Phased zero administration service-desk,Bethany Garner,Mystery,19.39,2022-09-22
57377337-0189-4d74-b5aa-26292389add2,Nicholas Gray,Synergized scalable capacity,William Randall,Fantasy,30.77,2022-10-30
4c7cdd12-ea69-4f25-825b-318818375768,Jennifer Murray,Universal tertiary complexity,Mark Johnson,Fiction,17.06,2023-05-22
6da7fd72-cd1e-423a-9ffc-0f714517e2d9,Rachel Sampson,Versatile executive paradigm,Danielle Moreno,Science Fiction,49.6,2023-01-20
5148614e-b5a8-4304-8655-5ff243146744,Christopher Poole,Cross-group client-driven function,Jacqueline Edwards,Fiction,37.63,2023-08-03
8ec294d5-8e40-40c6-95df-03dbb34c22e5,Heather West,De-engineered disintermediate time-frame,Raymond Thompson,Fantasy,48.67,2023-03-23
3da1c44b-6c60-4825-a3e9-4b87ddc5daf3,Brandy Ellis,Object-based logistical moderator,Tammie Robertson,Science Fiction,18.95,2023-08-23
2ae09f1e-95cc-4374-8b32-648f8d0e210b,Jessica Moore,Re-contextualized tertiary paradigm,Whitney Rangel,Romance,17.59,2023-01-05
6b2230d5-723e-4bc6-8031-869f3a3ba2da,Rhonda Villanueva,Cross-group optimizing leverage,Judith Cantu,Fantasy,29.96,2023-09-03
94c2c86c-15f1-4159-a15c-c3afd5b36b6c,Anthony Douglas,Reduced content-based hierarchy,Alex Jones,Fiction,24.83,2022-11-27
f06bca09-23fc-487c-b693-452b2edc14fb,Nicholas Peterson,Synergistic grid-enabled synergy,Sandra Humphrey,Fantasy,12.36,2022-10-07
cf604096-81db-448a-9898-9a60c150ca38,Michael Doyle,Focused web-enabled workforce,Robert White,Mystery,43.87,2023-08-02
734f3d3f-1c5b-4ae3-80a8-ffb509e3f69c,Sarah Hawkins,Intuitive responsive matrices,Tracy Freeman,Science Fiction,10.58,2023-04-10
0a76e063-e3a9-43af-921f-8715cec6855e,William Perez,Operative non-volatile initiative,Amanda Douglas,Fantasy,23.74,2022-10-03
9adc8040-c02a-4600-b557-74f126423678,Kimberly Rogers,Multi-tiered holistic moratorium,Richard Cortez,Fiction,23.79,2023-07-14
83e9e256-67df-468a-900d-98a373723497,Patrick Quinn,Visionary empowering secured line,Susan Whitehead,Mystery,39.25,2023-07-22
a7617985-60ce-47d7-b6a9-cc70f4f816e8,Chad Carroll,Inverse directional hub,Lisa Obrien,Fantasy,45.2,2022-12-31
c9166f23-6c42-459a-b9aa-39a0f1fd5370,Carrie Cole,Inverse 6thgeneration utilization,Gabriel Mccarthy,Fantasy,19.63,2022-11-13
299fd4bd-c500-4ccc-9259-d5e575199128,Elizabeth Carlson,Quality-focused object-oriented approach,Jeremy Avila,Mystery,49.45,2022-11-13
601c9780-17ad-42a3-9235-7def327c2505,Dakota Collins,Devolved mobile initiative,Tiffany Gaines,Science Fiction,10.2,2023-03-27
d9dad5cc-09b4-4a9a-9b19-e0a974ab1d74,Robert Garcia,Diverse composite circuit,Jillian Rocha,Fiction,20.32,2022-12-15
27cd317f-2110-47c6-b237-8e6e09c1de96,Joyce Miller,Exclusive bottom-line moratorium,Ryan Scott,Mystery,49.8,2022-11-25
020d074d-fb03-4cfd-a1c8-0288e5205487,Jeffrey Sanchez,Self-enabling empowering conglomeration,Carly Ortiz,Fiction,34.76,2023-03-28
3bb93ea0-915e-4f7d-9ebb-69057fd9afaa,Andre Ortiz,Ergonomic background productivity,Chelsea Medina,Fantasy,15.29,2023-09-01
be18e57b-dfdc-493c-a5d9-cbbd78eeb65b,Melissa Lopez,Persevering non-volatile artificial intelligence,Robert Farmer,Fantasy,26.25,2023-04-19
d888812e-0d8a-4cd7-9e35-6282d7a0bdfb,Jamie West,Enterprise-wide fault-tolerant system engine,Haley Oneal,Fiction,13.04,2023-05-18
83ec52d8-3d50-4faa-af5f-9badcd146f92,Michael Williams,Adaptive bandwidth-monitored toolset,Jeffrey Brown,Fantasy,33.03,2022-10-14
a521ea23-1a4b-4ab3-896f-fa4741755bd7,Trevor White,Quality-focused 4thgeneration Graphical User Interface,Larry Clark,Fiction,29.61,2022-09-23
33f21a5f-f830-4ca1-a92b-14b4ae4d7cff,Noah Colon,Optional hybrid solution,Andrew Foster,Fantasy,48.8,2023-08-11
a85d1773-9e7d-4306-84fa-3a0d9287c885,Melanie Kim,Decentralized multimedia initiative,Christopher Perry,Romance,12.72,2023-02-10
e5062c54-f0dc-4f28-9991-cb9a36969e1f,Yolanda Maldonado,Front-line hybrid help-desk,Rachel Terry,Science Fiction,45.03,2022-12-25
6a937f26-51c6-491f-abcd-4e22c69a66ea,David Huber,Total bi-directional Local Area Network,Steven Hernandez,Mystery,41.88,2022-12-27
7f970327-43ab-4500-a66d-729b3ed0d357,Donald Meadows,Exclusive empowering architecture,Adam Rodriguez,Fantasy,18.35,2023-07-12
a866e142-4d67-47b7-bcd3-a8b73fd9d5ad,Andrew Cox,Extended methodical leverage,Jeffery Oneal,Fiction,45.42,2022-10-28
c234e967-22db-4d26-899f-0cdc0a79b6de,Evan Jones,Reverse-engineered dedicated contingency,Donna Perez,Romance,43.59,2022-10-16
56630641-89e3-459d-87b5-43ee2e01ce78,Timothy Rollins,Devolved cohesive complexity,Gail Smith,Fantasy,45.63,2023-08-30
ee1f78df-a9a3-4988-a680-9cfbb95f55a7,Phyllis Carter,Customizable neutral function,Brittany Lewis,Mystery,18.03,2022-09-27
ec6a3809-24f0-4c08-9822-d5224ef2b669,Timothy Palmer,Integrated foreground software,Christian Snyder,Fiction,48.88,2023-01-21
5f7a4333-ddf5-47fa-9fd3-c4539c0863ab,Daniel Holland,Inverse mission-critical solution,Matthew Rivas,Science Fiction,24.37,2022-10-17
d3ffcabf-6a35-47fe-9c9c-cdbc01db1ad7,Blake Olson,Persistent context-sensitive conglomeration,Katrina Kelly,Fantasy,17.23,2023-03-19
a851cb55-affc-4ae0-a817-5cf0e6a13639,Jonathan Andrews,Sharable directional knowledge user,Adam Jones,Fantasy,46.05,2023-05-22
c1b3782e-66fa-4cbc-973e-d7c16f256b34,Jonathan Parsons,Distributed logistical leverage,Angela Kane,Fantasy,45.72,2022-09-28
9cbc239f-5cce-4b4f-a30e-33b65f3805ff,Jennifer Hernandez,Fundamental disintermediate orchestration,Teresa Shaw,Science Fiction,35.76,2023-03-12
7f581ec1-7973-4f2f-b88b-901c2e2c9eb4,Matthew Nolan,Assimilated executive software,Bradley Walton,Fantasy,42.3,2023-01-05
69402e9d-3e88-4bcc-971d-71feea26ae0e,Regina Patterson,Multi-layered systemic portal,Samantha Kennedy,Fiction,31.28,2023-03-06
5e5d8e76-23b2-4842-9eed-3c210bb74f36,Patrick Thompson,Cross-platform mission-critical synergy,Christopher Powell,Fiction,22.97,2022-10-22
